id;cnpj;nome_oficial_empresa;nome_cormecial_empresa;situacao_cadastral;data_abertura;natureza_juridica;cnae;capital_social;porte_empresa;cep;uf;cidade;bairro;logradouro
1;00000000000191;BANCO DO BRASIL SA;DIRECAO GERAL;2;1966-08-01;Sociedade de Economia Mista;6422100;120000000000.0;DEMAIS;70040912;DF;BRASILIA;ASA NORTE;SAUN QUADRA 5 BLOCO B TORRE I, II, III
2;33000167000101;PETROLEO BRASILEIRO S A PETROBRAS;PETROBRAS - EDISE;2;1966-09-28;Sociedade de Economia Mista;600001;205431960000.0;DEMAIS;20031170;RJ;RIO DE JANEIRO;CENTRO;REPUBLICA DO CHILE
3;00001180000126;CENTRAIS ELETRICAS BRASILEIRAS SA ELETROBRAS;ELETROBRAS;2;1966-08-19;Sociedade Anônima Aberta;6462000;70099830000.0;DEMAIS;20030900;RJ;RIO DE JANEIRO;CENTRO;GRACA ARANHA
4;03467321000199;ENERGISA MATO GROSSO - DISTRIBUIDORA DE ENERGIA S.A.;ENERGISA MT;2;1966-08-25;Sociedade Anônima Aberta;3514000;1680454300.0;DEMAIS;78010900;MT;CUIABA;BANDEIRANTES;VEREADOR JOAO BARBOSA CARAMURU 184
5;02016440000162;RGE SUL DISTRIBUIDORA DE ENERGIA S.A.;RGE;2;1997-08-05;Sociedade Anônima Aberta;3514000;2874962000.0;DEMAIS;93032525;RS;SAO LEOPOLDO;FAZENDA SAO BORJA;SAO BORJA
6;02429144000193;CPFL ENERGIA S.A.;;2;1998-03-25;Sociedade Anônima Aberta;6462000;9435625000.0;DEMAIS;13087397;SP;CAMPINAS;JARDIM PROFESSORA TARCILIA;JORGE DE FIGUEIREDO CORREA
7;00864214000106;ENERGISA S/A;;2;1995-08-29;Sociedade Anônima Aberta;6462000;10876550000.0;DEMAIS;36770901;MG;CATAGUASES;CENTRO;RUI BARBOSA
8;17155730000164;COMPANHIA ENERGETICA DE MINAS GERAIS-CEMIG;;2;1952-05-27;Sociedade de Economia Mista;3513100;14308909000.0;DEMAIS;30190924;MG;BELO HORIZONTE;SANTO AGOSTINHO;BARBACENA
9;76483817000120;COMPANHIA PARANAENSE DE ENERGIA - COPEL;COPEL;2;1966-08-03;Sociedade Anônima Aberta;6462000;12831619000.0;DEMAIS;81200240;PR;CURITIBA;ORLEANS;JOSE IZIDORO BIAZETTO
10;43776517000180;COMPANHIA DE SANEAMENTO BASICO DO ESTADO DE SAO PAULO - SABESP;SABESP;2;1973-10-08;Sociedade Anônima Aberta;3600601;15000000000.0;DEMAIS;05429000;SP;SAO PAULO;PINHEIROS;COSTA CARVALHO
11;04128563000110;AES TIETE ENERGIA S.A.;;8;2000-11-06;Sociedade Anônima Aberta;3511501;1765947600.0;DEMAIS;04578000;SP;SAO PAULO;BROOKLIN PAULISTA;DAS NACOES UNIDAS
12;50746577000115;COSAN S.A.;;2;1966-07-08;Sociedade Anônima Aberta;6462000;8182738000.0;DEMAIS;04538132;SP;SAO PAULO;ITAIM BIBI;BRIGADEIRO FARIA LIMA
13;08070508000178;RAIZEN ENERGIA S.A;;2;2006-05-05;Sociedade Anônima Aberta;1071600;21031610000.0;DEMAIS;04538132;SP;SAO PAULO;ITAIM BIBI;BRIG FARIA LIMA
14;33256439000139;ULTRAPAR PARTICIPACOES S/A;;2;1953-12-11;Sociedade Anônima Aberta;6462000;7987099600.0;DEMAIS;01317910;SP;SAO PAULO;BELA VISTA;BRIGADEIRO LUIZ ANTONIO
15;33592510000154;VALE S.A.;;2;1969-02-11;Sociedade Anônima Aberta;710301;77300000000.0;DEMAIS;22250145;RJ;RIO DE JANEIRO;BOTAFOGO;BOTAFOGO
16;33611500000119;GERDAU S.A.;;2;1971-03-09;Sociedade Anônima Aberta;2423702;24347292000.0;DEMAIS;05425070;SP;SAO PAULO;PINHEIROS;DOUTORA RUTH CARDOSO
17;33042730000104;COMPANHIA SIDERURGICA NACIONAL;COMPANHIA SIDERURGICA NACIONAL;2;1966-08-08;Sociedade Anônima Aberta;2422901;10240000000.0;DEMAIS;04538132;SP;SAO PAULO;ITAIM BIBI;BRIGADEIRO FARIA LIMA
18;60894730000105;USINAS SIDERURGICAS DE MINAS GERAIS S/A. USIMINAS;;2;1966-09-08;Sociedade Anônima Aberta;2422901;13200295000.0;DEMAIS;30110044;MG;BELO HORIZONTE;SAVASSI;DO CONTORNO
19;42150391000170;BRASKEM S.A;BRASKEM;2;1973-03-12;Sociedade Anônima Aberta;2021500;8043222000.0;DEMAIS;42816200;BA;CAMACARI;POLO INDUSTRIAL DE CAMACARI;ETENO
20;16404287000155;SUZANO S.A.;SUZANO PAPEL E CELULOSE;2;1987-12-17;Sociedade Anônima Aberta;1710900;19269282000.0;DEMAIS;41810012;BA;SALVADOR;PITUBA;PROFESSOR MAGALHAES NETO
21;60701190000104;ITAU UNIBANCO S.A.;ITAU UNIBANCO;2;1944-08-22;Sociedade Anônima Fechada;6421200;74567450000.0;DEMAIS;04344902;SP;SAO PAULO;PARQUE JABAQUARA;ALFREDO EGYDIO DE SOUZA ARANHA
22;60746948000112;BANCO BRADESCO S.A.;BRADESCO EST UNIF;2;1943-03-02;Sociedade Anônima Aberta;6422100;87100000000.0;DEMAIS;06029900;SP;OSASCO;VILA YARA;CIDADE DE DEUS
23;00360305000104;CAIXA ECONOMICA FEDERAL;CEF MATRIZ;2;1971-02-03;Empresa Pública;6423900;105300000000.0;DEMAIS;70092900;DF;BRASILIA;ASA SUL;SETOR SBS
24;90400888000142;BANCO SANTANDER (BRASIL) S.A.;;2;1985-08-12;Sociedade Anônima Aberta;6422100;65000000000.0;DEMAIS;04543011;SP;SAO PAULO;VILA NOVA CONCEICAO;PRES JUSCELINO KUBITSCHEK
25;30306294000145;BANCO BTG PACTUAL S.A.;;2;1979-06-05;Sociedade Anônima Aberta;6422100;16004582000.0;DEMAIS;22250911;RJ;RIO DE JANEIRO;BOTAFOGO;BOTAFOGO
26;02332886000104;XP INVESTIMENTOS CORRETORA DE CAMBIO, TITULOS E VALORES MOBILIARIOS S/A;XP INVESTIMENTOS CCTVM S/A;2;1997-12-18;Sociedade Anônima Fechada;6612601;5298353000.0;DEMAIS;22250911;RJ;RIO DE JANEIRO;BOTAFOGO;BOTAFOGO
27;18236120000158;NU PAGAMENTOS S.A. - INSTITUICAO DE PAGAMENTO;;2;2013-06-04;Sociedade Anônima Fechada;6619399;8658550000.0;DEMAIS;05409000;SP;SAO PAULO;PINHEIROS;CAPOTE VALENTE
28;09346601000125;B3 S.A. - BRASIL, BOLSA, BALCAO;B3 S.A. BRASIL, BOLSA, BALCAO;2;2007-12-21;Sociedade Anônima Aberta;6611803;12898655000.0;DEMAIS;01010901;SP;SAO PAULO;CENTRO;ANTONIO PRADO
29;61198164000160;PORTO SEGURO COMPANHIA DE SEGUROS GERAIS;;2;1966-02-09;Sociedade Anônima Fechada;6512000;3810299400.0;DEMAIS;01205001;SP;SAO PAULO;CAMPOS ELISEOS;RIO BRANCO
30;29978814000187;SUL AMERICA S A;;8;1978-04-11;Sociedade Anônima Aberta;6499902;4619882500.0;DEMAIS;20211903;RJ;RIO DE JANEIRO;CIDADE NOVA;BEATRIZ LARRAGOITI LUCAS
31;07526557000100;AMBEV S.A.;;2;2005-07-19;Sociedade Anônima Aberta;1113502;58308215000.0;DEMAIS;04530001;SP;SAO PAULO;ITAIM BIBI;DR RENATO PAES DE BARROS
32;02916265000160;JBS S/A;;2;1998-12-16;Sociedade Anônima Aberta;1011201;23631071000.0;DEMAIS;05118100;SP;SAO PAULO;VILA JAGUARA;MARGINAL DIREITA DO TIETE
33;01838723000127;BRF S.A.;;2;1997-05-14;Sociedade Anônima Aberta;1012101;13653418000.0;DEMAIS;88301600;SC;ITAJAI;FAZENDA;JORGE TZACHEL
34;03853896000140;MARFRIG GLOBAL FOODS S.A.;MARFRIG;2;2000-06-06;Sociedade Anônima Aberta;1011201;15468782000.0;DEMAIS;05319000;SP;SAO PAULO;VILA HAMBURGUESA;QUEIROZ FILHO
35;07206816000115;M DIAS BRANCO S.A. INDUSTRIA E COMERCIO DE ALIMENTOS;FABRICA FORTALEZA;2;1966-08-29;Sociedade Anônima Aberta;1062700;2508400600.0;DEMAIS;61766650;CE;EUSEBIO;JABUTI;BR-116
36;64904295000103;CAMIL ALIMENTOS S.A.;;2;1990-12-04;Sociedade Anônima Aberta;1061901;950373760.0;DEMAIS;05402918;SP;SAO PAULO;PINHEIROS;REBOUCAS
37;47960950000121;MAGAZINE LUIZA S/A;MAGAZINE LUIZA;2;1966-10-24;Sociedade Anônima Aberta;4713004;14202162000.0;DEMAIS;14400490;SP;FRANCA;CENTRO;VOLUNTARIOS DA FRANCA
38;00776574000156;AMERICANAS S.A - EM RECUPERACAO JUDICIAL;;2;1995-08-22;Sociedade Anônima Aberta;4789099;39918280000.0;DEMAIS;06210108;SP;OSASCO;PRESIDENTE ALTINO;HENRY FORD
39;47508411000156;COMPANHIA BRASILEIRA DE DISTRIBUICAO;;2;1981-11-19;Sociedade Anônima Aberta;4789099;2511184100.0;DEMAIS;01402000;SP;SAO PAULO;JD PAULISTA;BRIGADEIRO LUIZ ANTONIO
40;45543915000181;CARREFOUR COMERCIO E INDUSTRIA LTDA;;2;1974-06-21;Sociedade Empresária Limitada;4711301;10604964000.0;DEMAIS;06460020;SP;BARUERI;TAMBORE;TUCUNARE
41;03007331000141;EBAZAR.COM.BR. LTDA;EBAZAR.COM.BR;2;1999-02-12;Sociedade Empresária Limitada;7490104;2250558200.0;DEMAIS;06233903;SP;OSASCO;BONFIM;DAS NACOES UNIDAS
42;61585865000151;RAIA DROGASIL S/A;RD SAUDE;2;1972-06-22;Sociedade Anônima Aberta;4771701;4750000000.0;DEMAIS;05339900;SP;SAO PAULO;VILA BUTANTA;CORIFEU DE AZEVEDO MARQUES 3097
43;92754738000162;LOJAS RENNER S.A.;RENNER;2;1966-08-10;Sociedade Anônima Aberta;4713004;9544827000.0;DEMAIS;91410400;RS;PORTO ALEGRE;JARDIM DO SALSO;JOAQUIM PORTO VILLANOVA
44;16590234000176;AZZAS 2154 S.A;AREZZO;2;1972-09-14;Sociedade Anônima Aberta;4643501;2317182500.0;DEMAIS;30112000;MG;BELO HORIZONTE;SAVASSI;FERNANDES TOURINHO
45;07689002000189;EMBRAER S.A.;;2;2005-09-08;Sociedade Anônima Aberta;3041500;5159617000.0;DEMAIS;12227901;SP;SAO JOSE DOS CAMPOS;PUTIM;BRIGADEIRO FARIA LIMA
46;84429695000111;WEG SA;WEG;2;1969-05-29;Sociedade Anônima Aberta;6462000;12504517000.0;DEMAIS;89256900;SC;JARAGUA DO SUL;VILA LALAU;PREFEITO WALDEMAR GRUBBA
47;53113791000122;TOTVS S.A.;;2;1983-12-13;Sociedade Anônima Aberta;6201501;2962584600.0;DEMAIS;02511000;SP;SAO PAULO;CASA VERDE;BRAZ LEME
48;02558157000162;TELEFONICA BRASIL S.A.;;2;1998-06-04;Sociedade Anônima Aberta;6120599;60071416000.0;DEMAIS;04571936;SP;SAO PAULO;CIDADE MONCOES;ENGENHEIRO LUIZ CARLOS BERRINI
49;02421421000111;TIM S A;;2;1998-03-09;Sociedade Anônima Aberta;6110801;13477890000.0;DEMAIS;22775057;RJ;RIO DE JANEIRO;BARRA DA TIJUCA;JOAO CABRAL DE MELLO NETO
50;40432544000147;CLARO S.A.;CLARO;2;1992-04-23;Sociedade Anônima Fechada;6120501;22836339000.0;DEMAIS;04709110;SP;SAO PAULO;SANTO AMARO;HENRI DUNANT
51;76535764000143;OI S.A. - EM RECUPERACAO JUDICIAL;OI;2;1966-09-26;Sociedade Anônima Aberta;6110801;32538937000.0;DEMAIS;20230070;RJ;RIO DE JANEIRO;CENTRO;DO LAVRADIO
52;81243735000148;POSITIVO TECNOLOGIA S.A.;;2;1989-05-26;Sociedade Anônima Aberta;2621300;1486098400.0;DEMAIS;81350000;PR;CURITIBA;CIDADE INDUSTRIAL DE CURITIBA;JOAO BETTEGA
53;63554067000198;HAPVIDA ASSISTENCIA MEDICA S.A.;HAPVIDA;2;1991-07-24;Sociedade Anônima Fechada;6550200;9829087000.0;DEMAIS;60140061;CE;FORTALEZA;CENTRO;HERACLITO GRACA
54;02932074000191;HYPERA S.A.;HYPERA PHARMA;2;1999-01-02;Sociedade Anônima Aberta;4644301;11205886000.0;DEMAIS;04547071;SP;SAO PAULO;VILA OLIMPIA;NOVA CIDADE
55;60840055000131;FLEURY S.A.;FLEURY MEDICINA E SAUDE;2;1966-07-19;Sociedade Anônima Aberta;8640202;2762949600.0;DEMAIS;04703003;SP;SAO PAULO;JARDIM DAS ACACIAS;MORUMBI
56;58119199000151;ODONTOPREV S.A.;;2;1987-08-28;Sociedade Anônima Aberta;6550200;851016600.0;DEMAIS;06455000;SP;BARUERI;ALPHAVILLE INDUSTRIAL;ARAGUAIA
57;02800026000140;COGNA EDUCACAO S.A;COGNA EDUCACAO;2;1998-09-21;Sociedade Anônima Aberta;6462000;8294524000.0;DEMAIS;30180101;MG;BELO HORIZONTE;LOURDES;DOS GUAJAJARAS
58;08807432000110;YDUQS PARTICIPACOES S.A.;YDUQS;2;2007-05-03;Sociedade Anônima Aberta;6462000;1139887200.0;DEMAIS;22640907;RJ;RIO DE JANEIRO;BARRA DA TIJUCA;DAS AMERICAS
59;02387241000160;RUMO S.A;RUMO S.A;2;1998-03-02;Sociedade Anônima Aberta;6462000;12579725000.0;DEMAIS;82920030;PR;CURITIBA;VILA OFICINAS;EMILIO BERTOLINI
60;02846056000197;MOTIVA INFRAESTRUTURA DE MOBILIDADE S.A.;;2;1998-10-27;Sociedade Anônima Aberta;6462000;0.0;DEMAIS;05425070;SP;SAO PAULO;PINHEIROS;DRA RUTH CARDOSO
61;04149454000180;ECORODOVIAS INFRAESTRUTURA E LOGISTICA S/A;;2;2000-11-16;Sociedade Anônima Aberta;6462000;2101489400.0;DEMAIS;04547005;SP;SAO PAULO;VILA OLIMPIA;GOMES DE CARVALHO
62;52548435000179;JSL S.A.;JSL;2;1969-12-10;Sociedade Anônima Aberta;4930202;842781440.0;DEMAIS;04530001;SP;SAO PAULO;ITAIM BIBI;DOUTOR RENATO PAES DE BARROS
63;21314559000166;MOVIDA PARTICIPACOES S.A.;;2;2014-10-30;Sociedade Anônima Aberta;7711000;2630122200.0;DEMAIS;04530001;SP;SAO PAULO;ITAIM BIBI;DOUTOR RENATO PAES DE BARROS
64;16670085000155;LOCALIZA RENT A CAR SA;;2;1973-09-28;Sociedade Anônima Aberta;7711000;19973526000.0;DEMAIS;31150000;MG;BELO HORIZONTE;CACHOEIRINHA;BERNARDO DE VASCONCELOS
65;73178600000118;CYRELA BRAZIL REALTY S.A. EMPREENDIMENTOS E PARTICIPACOES;;2;1993-12-13;Sociedade Anônima Aberta;4110700;6184224000.0;DEMAIS;04552000;SP;SAO PAULO;VILA OLIMPIA;DO ROCIO
66;08343492000120;MRV ENGENHARIA E PARTICIPACOES SA;;2;2006-09-29;Sociedade Anônima Aberta;4110700;5980353500.0;DEMAIS;30455610;MG;BELO HORIZONTE;ESTORIL;PROFESSOR MARIO WERNECK
67;08312229000173;EZ TEC EMPREENDIMENTOS E PARTICIPACOES S/A;;2;2006-09-01;Sociedade Anônima Aberta;4110700;4301053400.0;DEMAIS;04501002;SP;SAO PAULO;IBIRAPUERA;REPUBLICA DO LIBANO
68;71476527000135;CONSTRUTORA TENDA S/A;;2;1994-01-21;Sociedade Anônima Aberta;4120400;910728800.0;DEMAIS;01014908;SP;SAO PAULO;CENTRO;BOA VISTA
69;89637490000145;KLABIN S.A.;;2;1978-12-06;Sociedade Anônima Aberta;1710900;6875625000.0;DEMAIS;05426100;SP;SAO PAULO;PINHEIROS;BRIG FARIA LIMA
70;71673990000177;NATURA COSMETICOS S/A;NATURA;2;1993-06-08;Sociedade Anônima Aberta;4646001;6000000000.0;DEMAIS;05106000;SP;SAO PAULO;PQ ANHANGUERA;ALEXANDRE COLARES
71;06164253000187;GOL LINHAS AEREAS INTELIGENTES S.A.;;2;2004-03-22;Sociedade Anônima Aberta;6462000;4203543800.0;DEMAIS;04719906;SP;SAO PAULO;CHACARA SANTO ANTONIO (ZONA SUL);VERBO DIVINO
72;09305994000129;AZUL S.A.;;2;2008-01-16;Sociedade Anônima Aberta;6462000;21756852000.0;DEMAIS;06460040;SP;BARUERI;TAMBORE;MARCOS PENTEADO DE ULHOA RODRIGUES
73;51218147000193;IGUATEMI EMPRESA DE SHOPPING CENTERS S/A;;2;1979-06-07;Sociedade Anônima Aberta;6822600;3030452700.0;DEMAIS;01455070;SP;SAO PAULO;JARDIM EUROPA;ANGELINA MAFFEI VITA
74;88611835000129;MARCOPOLO SA;MARCOPOLO;2;1966-08-08;Sociedade Anônima Aberta;2920401;3039801900.0;DEMAIS;95086200;RS;CAXIAS DO SUL;PLANALTO;MARCOPOLO
